text,intent
¿Cómo puedo retirar criptomonedas?,Retiros Crypto
¿Cómo puedo retirar criptomonedas?,Retiros Crypto
¿Cuál es el límite para retiros de ETH?,Retiros Crypto
Quiero sacar mis bitcoins de la plataforma,Retiros Crypto
¿Hay comisión por retirar USDT?,Retiros Crypto
¿Cómo puedo retirar criptomonedas?,Retiros Crypto
Hola equipo ¿Hay comisión por retirar USDT?,Retiros Crypto
 ¿Cómo puedo retirar criptomonedas?,Retiros Crypto
Buen día Quiero sacar mis bitcoins de la plataforma,Retiros Crypto
¿Cómo puedo retirar criptomonedas?,Retiros Crypto
¿Cuál es el límite para retiros de ETH?,Retiros Crypto
Quiero sacar mis bitcoins de la plataforma Por favor,Retiros Crypto
Hola ¿Hay comisión por retirar USDT?,Retiros Crypto
¿Cómo puedo retirar criptomonedas? Gracias,Retiros Crypto
 ¿Hay comisión por retirar USDT?,Retiros Crypto
Tiempo estimado para retiro de cripto Por favor,Retiros Crypto
 ¿Cuál es el límite para retiros de ETH?,Retiros Crypto
¿Cómo puedo retirar criptomonedas?,Retiros Crypto
Tiempo estimado para retiro de cripto ,Retiros Crypto
¿Cuál es el límite para retiros de ETH?,Retiros Crypto
¿Cómo puedo retirar criptomonedas?,Retiros Crypto
Hola ¿Hay comisión por retirar USDT?,Retiros Crypto
¿Cómo puedo retirar criptomonedas?,Retiros Crypto
Quiero sacar mis bitcoins de la plataforma,Retiros Crypto
¿Cuál es el límite para retiros de ETH?,Retiros Crypto
¿Hay comisión por retirar USDT? Por favor,Retiros Crypto
Quiero sacar mis bitcoins de la plataforma ,Retiros Crypto
Buen día Quiero sacar mis bitcoins de la plataforma,Retiros Crypto
Quiero sacar mis bitcoins de la plataforma Gracias,Retiros Crypto
 Tiempo estimado para retiro de cripto,Retiros Crypto
Buen día Tiempo estimado para retiro de cripto,Retiros Crypto
Hola equipo ¿Hay comisión por retirar USDT?,Retiros Crypto
¿Cómo puedo retirar criptomonedas? Urgente,Retiros Crypto
 Tiempo estimado para retiro de cripto,Retiros Crypto
Hola equipo ¿Hay comisión por retirar USDT?,Retiros Crypto
Tiempo estimado para retiro de cripto,Retiros Crypto
Hola ¿Cómo puedo retirar criptomonedas?,Retiros Crypto
¿Cómo puedo retirar criptomonedas?,Retiros Crypto
Buen día Tiempo estimado para retiro de cripto,Retiros Crypto
Quiero sacar mis bitcoins de la plataforma Por favor,Retiros Crypto
Aparece un movimiento que no hice ,Desconocimiento de Transacciones
Buen día Alguien más accedió a mi cuenta,Desconocimiento de Transacciones
Alguien más accedió a mi cuenta Gracias,Desconocimiento de Transacciones
 Aparece un movimiento que no hice,Desconocimiento de Transacciones
Recibí un débito no autorizado,Desconocimiento de Transacciones
Recibí un débito no autorizado,Desconocimiento de Transacciones
Aparece un movimiento que no hice,Desconocimiento de Transacciones
¿Cómo reporto una operación fraudulenta? Urgente,Desconocimiento de Transacciones
Recibí un débito no autorizado,Desconocimiento de Transacciones
Hola equipo ¿Cómo reporto una operación fraudulenta?,Desconocimiento de Transacciones
Hola equipo Aparece un movimiento que no hice,Desconocimiento de Transacciones
Aparece un movimiento que no hice ,Desconocimiento de Transacciones
Alguien más accedió a mi cuenta Urgente,Desconocimiento de Transacciones
Alguien más accedió a mi cuenta,Desconocimiento de Transacciones
Aparece un movimiento que no hice,Desconocimiento de Transacciones
Recibí un débito no autorizado Gracias,Desconocimiento de Transacciones
Hola equipo No reconozco una transacción en mi cuenta,Desconocimiento de Transacciones
Recibí un débito no autorizado,Desconocimiento de Transacciones
Alguien más accedió a mi cuenta,Desconocimiento de Transacciones
Aparece un movimiento que no hice,Desconocimiento de Transacciones
Alguien más accedió a mi cuenta,Desconocimiento de Transacciones
 Recibí un débito no autorizado,Desconocimiento de Transacciones
¿Cómo reporto una operación fraudulenta?,Desconocimiento de Transacciones
Buen día ¿Cómo reporto una operación fraudulenta?,Desconocimiento de Transacciones
Aparece un movimiento que no hice ,Desconocimiento de Transacciones
No reconozco una transacción en mi cuenta,Desconocimiento de Transacciones
Aparece un movimiento que no hice,Desconocimiento de Transacciones
Recibí un débito no autorizado,Desconocimiento de Transacciones
Alguien más accedió a mi cuenta,Desconocimiento de Transacciones
Alguien más accedió a mi cuenta,Desconocimiento de Transacciones
No reconozco una transacción en mi cuenta,Desconocimiento de Transacciones
Hola Aparece un movimiento que no hice,Desconocimiento de Transacciones
Aparece un movimiento que no hice,Desconocimiento de Transacciones
Hola Aparece un movimiento que no hice,Desconocimiento de Transacciones
Aparece un movimiento que no hice,Desconocimiento de Transacciones
¿Cómo reporto una operación fraudulenta?,Desconocimiento de Transacciones
 ¿Cómo reporto una operación fraudulenta?,Desconocimiento de Transacciones
Recibí un débito no autorizado Gracias,Desconocimiento de Transacciones
No reconozco una transacción en mi cuenta,Desconocimiento de Transacciones
Aparece un movimiento que no hice,Desconocimiento de Transacciones
 Tiempo de transferencia a cuenta bancaria,Retiros Fiat
Hola Tiempo de transferencia a cuenta bancaria,Retiros Fiat
¿Puedo retirar dólares a mi cuenta?,Retiros Fiat
Hola equipo ¿Cómo retiro dinero a mi banco?,Retiros Fiat
Tiempo de transferencia a cuenta bancaria,Retiros Fiat
Hola ¿Puedo retirar dólares a mi cuenta?,Retiros Fiat
Hola equipo ¿Cómo retiro dinero a mi banco?,Retiros Fiat
Buen día ¿Cómo retiro dinero a mi banco?,Retiros Fiat
 ¿Cómo retiro dinero a mi banco?,Retiros Fiat
¿Cómo retiro dinero a mi banco?,Retiros Fiat
¿Puedo retirar dólares a mi cuenta?,Retiros Fiat
Buen día Tiempo de transferencia a cuenta bancaria,Retiros Fiat
No llega mi transferencia a mi banco,Retiros Fiat
 Tiempo de transferencia a cuenta bancaria,Retiros Fiat
Buen día Tiempo de transferencia a cuenta bancaria,Retiros Fiat
¿Cómo retiro dinero a mi banco? Gracias,Retiros Fiat
Buen día Tiempo de transferencia a cuenta bancaria,Retiros Fiat
Buen día Tiempo de transferencia a cuenta bancaria,Retiros Fiat
¿Cómo retiro dinero a mi banco?,Retiros Fiat
¿Cómo retiro dinero a mi banco?,Retiros Fiat
Buen día ¿Cómo retiro dinero a mi banco?,Retiros Fiat
¿Cómo retiro dinero a mi banco?,Retiros Fiat
Buen día No llega mi transferencia a mi banco,Retiros Fiat
¿Puedo retirar dólares a mi cuenta? Gracias,Retiros Fiat
Tiempo de transferencia a cuenta bancaria,Retiros Fiat
Tiempo de transferencia a cuenta bancaria Urgente,Retiros Fiat
Tiempo de transferencia a cuenta bancaria,Retiros Fiat
¿Puedo retirar dólares a mi cuenta?,Retiros Fiat
Hola No llega mi transferencia a mi banco,Retiros Fiat
Límite diario para retiros en pesos Por favor,Retiros Fiat
No llega mi transferencia a mi banco,Retiros Fiat
Hola ¿Cómo retiro dinero a mi banco?,Retiros Fiat
No llega mi transferencia a mi banco,Retiros Fiat
Límite diario para retiros en pesos Urgente,Retiros Fiat
Tiempo de transferencia a cuenta bancaria,Retiros Fiat
Límite diario para retiros en pesos,Retiros Fiat
¿Puedo retirar dólares a mi cuenta?,Retiros Fiat
Hola equipo ¿Cómo retiro dinero a mi banco?,Retiros Fiat
 Límite diario para retiros en pesos,Retiros Fiat
No llega mi transferencia a mi banco ,Retiros Fiat
Perdí mi tarjeta Lemon ,Denuncia de Tarjeta Perdida
Procedimiento para tarjeta extraviada,Denuncia de Tarjeta Perdida
Hola equipo Perdí mi tarjeta Lemon,Denuncia de Tarjeta Perdida
Quiero reportar tarjeta perdida Urgente,Denuncia de Tarjeta Perdida
Quiero reportar tarjeta perdida,Denuncia de Tarjeta Perdida
Hola Perdí mi tarjeta Lemon,Denuncia de Tarjeta Perdida
¿Cómo bloqueo mi tarjeta extraviada? Por favor,Denuncia de Tarjeta Perdida
"Robaron mi tarjeta, ¿qué hago? ",Denuncia de Tarjeta Perdida
"Robaron mi tarjeta, ¿qué hago? Urgente",Denuncia de Tarjeta Perdida
¿Cómo bloqueo mi tarjeta extraviada? ,Denuncia de Tarjeta Perdida
Quiero reportar tarjeta perdida,Denuncia de Tarjeta Perdida
Quiero reportar tarjeta perdida Gracias,Denuncia de Tarjeta Perdida
Perdí mi tarjeta Lemon Por favor,Denuncia de Tarjeta Perdida
Perdí mi tarjeta Lemon ,Denuncia de Tarjeta Perdida
Perdí mi tarjeta Lemon Gracias,Denuncia de Tarjeta Perdida
Buen día Procedimiento para tarjeta extraviada,Denuncia de Tarjeta Perdida
Procedimiento para tarjeta extraviada,Denuncia de Tarjeta Perdida
Hola ¿Cómo bloqueo mi tarjeta extraviada?,Denuncia de Tarjeta Perdida
Perdí mi tarjeta Lemon ,Denuncia de Tarjeta Perdida
"Robaron mi tarjeta, ¿qué hago?",Denuncia de Tarjeta Perdida
Hola equipo Procedimiento para tarjeta extraviada,Denuncia de Tarjeta Perdida
Perdí mi tarjeta Lemon,Denuncia de Tarjeta Perdida
 Procedimiento para tarjeta extraviada,Denuncia de Tarjeta Perdida
 Quiero reportar tarjeta perdida,Denuncia de Tarjeta Perdida
Hola equipo Perdí mi tarjeta Lemon,Denuncia de Tarjeta Perdida
Procedimiento para tarjeta extraviada Urgente,Denuncia de Tarjeta Perdida
Quiero reportar tarjeta perdida,Denuncia de Tarjeta Perdida
¿Cómo bloqueo mi tarjeta extraviada? Gracias,Denuncia de Tarjeta Perdida
Hola equipo ¿Cómo bloqueo mi tarjeta extraviada?,Denuncia de Tarjeta Perdida
 Procedimiento para tarjeta extraviada,Denuncia de Tarjeta Perdida
Procedimiento para tarjeta extraviada,Denuncia de Tarjeta Perdida
Buen día ¿Cómo bloqueo mi tarjeta extraviada?,Denuncia de Tarjeta Perdida
Quiero reportar tarjeta perdida,Denuncia de Tarjeta Perdida
¿Cómo bloqueo mi tarjeta extraviada? Urgente,Denuncia de Tarjeta Perdida
"Hola equipo Robaron mi tarjeta, ¿qué hago?",Denuncia de Tarjeta Perdida
"Robaron mi tarjeta, ¿qué hago?",Denuncia de Tarjeta Perdida
Procedimiento para tarjeta extraviada ,Denuncia de Tarjeta Perdida
Procedimiento para tarjeta extraviada,Denuncia de Tarjeta Perdida
Quiero reportar tarjeta perdida,Denuncia de Tarjeta Perdida
 ¿Cómo bloqueo mi tarjeta extraviada?,Denuncia de Tarjeta Perdida
Hola ¿Puedo retirar mis fondos de Earn cuando quiera?,Lemon Earn
¿Puedo retirar mis fondos de Earn cuando quiera? ,Lemon Earn
Riesgos de invertir en Earn Gracias,Lemon Earn
¿Cómo funciona Lemon Earn?,Lemon Earn
¿Qué criptomonedas están disponibles en Earn? Gracias,Lemon Earn
Hola Rendimientos actuales de Earn,Lemon Earn
Buen día Riesgos de invertir en Earn,Lemon Earn
Riesgos de invertir en Earn,Lemon Earn
Rendimientos actuales de Earn Por favor,Lemon Earn
¿Cómo funciona Lemon Earn?,Lemon Earn
Buen día ¿Qué criptomonedas están disponibles en Earn?,Lemon Earn
¿Cómo funciona Lemon Earn? Por favor,Lemon Earn
¿Cómo funciona Lemon Earn?,Lemon Earn
Rendimientos actuales de Earn,Lemon Earn
¿Qué criptomonedas están disponibles en Earn? ,Lemon Earn
¿Puedo retirar mis fondos de Earn cuando quiera? ,Lemon Earn
Riesgos de invertir en Earn,Lemon Earn
¿Cómo funciona Lemon Earn? Urgente,Lemon Earn
Hola Riesgos de invertir en Earn,Lemon Earn
Riesgos de invertir en Earn,Lemon Earn
 Rendimientos actuales de Earn,Lemon Earn
Riesgos de invertir en Earn,Lemon Earn
Riesgos de invertir en Earn Urgente,Lemon Earn
Buen día ¿Cómo funciona Lemon Earn?,Lemon Earn
¿Cómo funciona Lemon Earn? Urgente,Lemon Earn
 Riesgos de invertir en Earn,Lemon Earn
Rendimientos actuales de Earn ,Lemon Earn
¿Cómo funciona Lemon Earn?,Lemon Earn
Rendimientos actuales de Earn Gracias,Lemon Earn
Hola equipo ¿Qué criptomonedas están disponibles en Earn?,Lemon Earn
Rendimientos actuales de Earn Urgente,Lemon Earn
¿Qué criptomonedas están disponibles en Earn?,Lemon Earn
¿Qué criptomonedas están disponibles en Earn? Gracias,Lemon Earn
Riesgos de invertir en Earn,Lemon Earn
Riesgos de invertir en Earn Gracias,Lemon Earn
Buen día ¿Puedo retirar mis fondos de Earn cuando quiera?,Lemon Earn
Hola ¿Qué criptomonedas están disponibles en Earn?,Lemon Earn
Rendimientos actuales de Earn Urgente,Lemon Earn
Buen día Rendimientos actuales de Earn,Lemon Earn
¿Puedo retirar mis fondos de Earn cuando quiera? Gracias,Lemon Earn
